customer_id,customer_segment,join_date,country
1,Basic,2023-05-08 09:47:04.435277,Spain
2,Basic,2023-11-20 09:47:04.435277,UK
3,Basic,2024-03-03 09:47:04.435277,UK
4,Basic,2024-09-10 09:47:04.435277,Australia
5,Premium,2023-03-08 09:47:04.435277,Australia
6,Standard,2022-06-25 09:47:04.435277,France
7,Basic,2024-06-11 09:47:04.435277,Australia
8,Standard,2023-06-02 09:47:04.435277,UK
9,Premium,2024-08-15 09:47:04.435277,Japan
10,Basic,2023-08-03 09:47:04.435277,Spain
11,Standard,2023-01-02 09:47:04.435277,Canada
12,Standard,2024-06-19 09:47:04.435277,Germany
13,Standard,2023-11-01 09:47:04.435277,Canada
14,Standard,2023-05-17 09:47:04.435277,Canada
15,Standard,2022-06-29 09:47:04.435277,UK
16,Premium,2022-10-19 09:47:04.435277,Canada
17,Basic,2022-06-22 09:47:04.435277,Spain
18,Standard,2023-01-10 09:47:04.435277,France
19,Premium,2023-10-15 09:47:04.435277,USA
20,Basic,2024-11-11 09:47:04.435277,Australia
21,Basic,2024-06-28 09:47:04.435277,USA
22,Basic,2022-01-31 09:47:04.435277,Japan
23,Basic,2024-07-14 09:47:04.435277,Spain
24,Standard,2022-10-10 09:47:04.435277,Spain
25,Standard,2023-04-27 09:47:04.435277,Germany
26,Premium,2024-12-25 09:47:04.435277,Spain
27,Standard,2024-11-09 09:47:04.435277,Australia
28,Standard,2022-02-07 09:47:04.435277,Spain
29,Standard,2024-04-24 09:47:04.435277,Canada
30,Basic,2022-08-25 09:47:04.435277,Germany
31,Standard,2023-03-09 09:47:04.435277,Australia
32,Premium,2022-06-30 09:47:04.435277,France
33,Standard,2022-03-24 09:47:04.435277,France
34,Standard,2023-10-19 09:47:04.435277,France
35,Premium,2023-09-08 09:47:04.435277,France
36,Basic,2022-05-13 09:47:04.435277,Canada
37,Standard,2022-10-10 09:47:04.435277,Spain
38,Standard,2023-06-23 09:47:04.435277,USA
39,Standard,2022-05-08 09:47:04.435277,Australia
40,Basic,2022-07-01 09:47:04.435277,Canada
41,Standard,2024-07-31 09:47:04.435277,France
42,Standard,2024-06-25 09:47:04.435277,Japan
43,Standard,2023-01-02 09:47:04.435277,Spain
44,Standard,2024-04-30 09:47:04.435277,USA
45,Basic,2024-09-12 09:47:04.435277,Japan
46,Basic,2022-07-09 09:47:04.435277,Germany
47,Standard,2024-04-09 09:47:04.435277,Japan
48,Basic,2023-03-03 09:47:04.435277,Germany
49,Basic,2024-04-24 09:47:04.435277,Germany
50,Basic,2023-03-06 09:47:04.435277,France
51,Basic,2023-10-31 09:47:04.435277,Germany
52,Standard,2024-12-21 09:47:04.435277,UK
53,Standard,2023-12-18 09:47:04.435277,Australia
54,Standard,2023-05-04 09:47:04.435277,Australia
55,Basic,2024-09-10 09:47:04.435277,France
56,Premium,2023-05-14 09:47:04.435277,UK
57,Basic,2024-12-10 09:47:04.435277,Japan
58,Basic,2024-02-18 09:47:04.435277,Canada
59,Premium,2022-03-08 09:47:04.435277,Japan
60,Basic,2022-09-16 09:47:04.435277,Spain
61,Premium,2023-08-15 09:47:04.435277,Canada
62,Standard,2023-04-12 09:47:04.435277,Germany
63,Basic,2022-02-25 09:47:04.435277,USA
64,Premium,2022-09-12 09:47:04.435277,Canada
65,Basic,2024-04-06 09:47:04.435277,USA
66,Basic,2022-11-09 09:47:04.435277,Australia
67,Standard,2024-06-26 09:47:04.435277,USA
68,Premium,2024-09-15 09:47:04.435277,Australia
69,Standard,2023-04-27 09:47:04.435277,UK
70,Standard,2024-11-14 09:47:04.435277,UK
71,Basic,2024-04-24 09:47:04.435277,France
72,Standard,2023-11-19 09:47:04.435277,France
73,Standard,2023-07-30 09:47:04.435277,Germany
74,Standard,2025-01-06 09:47:04.435277,Canada
75,Standard,2022-02-15 09:47:04.435277,Germany
76,Basic,2022-07-06 09:47:04.435277,Australia
77,Premium,2023-05-21 09:47:04.435277,Germany
78,Basic,2025-01-03 09:47:04.435277,USA
79,Standard,2023-07-01 09:47:04.435277,Australia
80,Basic,2022-05-08 09:47:04.435277,France
81,Standard,2024-12-25 09:47:04.435277,UK
82,Standard,2022-11-05 09:47:04.435277,France
83,Basic,2023-06-10 09:47:04.435277,Canada
84,Premium,2022-11-27 09:47:04.435277,Australia
85,Basic,2022-07-29 09:47:04.435277,Australia
86,Standard,2023-09-28 09:47:04.435277,USA
87,Premium,2023-12-30 09:47:04.435277,Canada
88,Standard,2024-10-18 09:47:04.435277,UK
89,Basic,2022-08-08 09:47:04.435277,Japan
90,Premium,2022-10-09 09:47:04.435277,Australia
91,Standard,2024-10-06 09:47:04.435277,Australia
92,Standard,2024-08-14 09:47:04.435277,USA
93,Standard,2022-06-06 09:47:04.435277,Germany
94,Premium,2022-02-16 09:47:04.435277,Spain
95,Basic,2023-08-18 09:47:04.435277,UK
96,Basic,2023-08-22 09:47:04.435277,France
97,Basic,2023-12-16 09:47:04.435277,Canada
98,Basic,2023-10-17 09:47:04.435277,Australia
99,Premium,2024-06-01 09:47:04.435277,Australia
100,Basic,2024-09-17 09:47:04.435277,France
101,Premium,2022-07-03 09:47:04.435277,UK
102,Premium,2023-06-03 09:47:04.435277,Spain
103,Standard,2024-03-24 09:47:04.435277,Germany
104,Standard,2022-10-02 09:47:04.435277,Australia
105,Basic,2024-12-27 09:47:04.435277,Spain
106,Standard,2024-02-27 09:47:04.435277,UK
107,Standard,2023-07-21 09:47:04.435277,France
108,Standard,2024-08-07 09:47:04.435277,USA
109,Basic,2023-03-13 09:47:04.435277,Germany
110,Standard,2023-07-08 09:47:04.435277,Canada
111,Standard,2024-05-06 09:47:04.435277,Australia
112,Premium,2024-07-20 09:47:04.435277,UK
113,Basic,2022-03-06 09:47:04.435277,USA
114,Standard,2023-12-15 09:47:04.435277,Canada
115,Standard,2022-02-18 09:47:04.435277,Japan
116,Premium,2022-12-16 09:47:04.435277,UK
117,Standard,2023-06-25 09:47:04.435277,UK
118,Standard,2023-03-05 09:47:04.435277,Canada
119,Standard,2023-11-14 09:47:04.435277,USA
120,Basic,2024-09-27 09:47:04.435277,Japan
121,Premium,2023-05-15 09:47:04.435277,Spain
122,Standard,2024-05-12 09:47:04.435277,Spain
123,Basic,2024-01-26 09:47:04.435277,France
124,Standard,2024-06-01 09:47:04.435277,USA
125,Standard,2022-03-21 09:47:04.435277,Germany
126,Standard,2023-08-27 09:47:04.435277,Australia
127,Standard,2022-06-28 09:47:04.435277,Canada
128,Basic,2022-12-09 09:47:04.435277,France
129,Standard,2023-08-22 09:47:04.435277,Japan
130,Basic,2022-11-30 09:47:04.435277,Canada
131,Standard,2023-12-12 09:47:04.435277,Canada
132,Standard,2024-05-16 09:47:04.435277,USA
133,Premium,2025-01-11 09:47:04.435277,Australia
134,Standard,2024-10-28 09:47:04.435277,Germany
135,Standard,2023-04-18 09:47:04.435277,Spain
136,Basic,2023-10-04 09:47:04.435277,UK
137,Standard,2024-10-18 09:47:04.435277,UK
138,Basic,2022-10-20 09:47:04.435277,Canada
139,Premium,2025-01-10 09:47:04.435277,Spain
140,Basic,2024-10-29 09:47:04.435277,Spain
141,Basic,2022-02-03 09:47:04.435277,Australia
142,Basic,2024-03-13 09:47:04.435277,Japan
143,Basic,2024-06-24 09:47:04.435277,Japan
144,Basic,2024-10-17 09:47:04.435277,France
145,Standard,2024-07-01 09:47:04.435277,USA
146,Premium,2022-03-17 09:47:04.435277,Australia
147,Premium,2024-06-14 09:47:04.435277,Australia
148,Basic,2024-05-01 09:47:04.435277,USA
149,Standard,2024-08-22 09:47:04.435277,Spain
150,Basic,2023-11-16 09:47:04.435277,Japan
151,Standard,2022-10-25 09:47:04.435277,Japan
152,Premium,2023-02-03 09:47:04.435277,Spain
153,Premium,2023-10-27 09:47:04.435277,Japan
154,Standard,2023-11-17 09:47:04.435277,Canada
155,Standard,2022-05-29 09:47:04.435277,Australia
156,Standard,2024-05-09 09:47:04.435277,UK
157,Standard,2025-01-15 09:47:04.435277,USA
158,Premium,2024-02-09 09:47:04.435277,Japan
159,Standard,2022-05-26 09:47:04.435277,France
160,Standard,2024-03-30 09:47:04.435277,Japan
161,Basic,2024-11-07 09:47:04.435277,Japan
162,Standard,2025-01-15 09:47:04.435277,Germany
163,Standard,2023-10-25 09:47:04.435277,Canada
164,Premium,2023-06-26 09:47:04.435277,USA
165,Premium,2024-04-10 09:47:04.435277,Germany
166,Standard,2023-08-12 09:47:04.435277,Germany
167,Standard,2023-06-01 09:47:04.435277,France
168,Standard,2024-07-14 09:47:04.435277,Australia
169,Standard,2024-01-03 09:47:04.435277,France
170,Standard,2023-09-02 09:47:04.435277,Australia
171,Basic,2024-03-29 09:47:04.435277,Australia
172,Basic,2024-06-08 09:47:04.435277,USA
173,Premium,2022-10-03 09:47:04.435277,Japan
174,Standard,2022-07-02 09:47:04.435277,USA
175,Premium,2024-10-22 09:47:04.435277,Canada
176,Standard,2023-12-27 09:47:04.435277,Australia
177,Basic,2025-01-26 09:47:04.435277,Germany
178,Premium,2025-01-04 09:47:04.435277,Japan
179,Standard,2024-11-03 09:47:04.435277,UK
180,Standard,2022-05-03 09:47:04.435277,Canada
181,Basic,2024-09-13 09:47:04.435277,USA
182,Standard,2024-11-06 09:47:04.435277,France
183,Premium,2023-04-27 09:47:04.435277,Canada
184,Standard,2024-07-29 09:47:04.435277,Canada
185,Standard,2022-09-04 09:47:04.435277,Japan
186,Premium,2023-05-18 09:47:04.435277,Canada
187,Standard,2023-04-06 09:47:04.435277,Canada
188,Premium,2023-01-05 09:47:04.435277,UK
189,Premium,2023-08-03 09:47:04.435277,Spain
190,Standard,2023-01-21 09:47:04.435277,France
191,Premium,2022-02-21 09:47:04.435277,France
192,Standard,2023-07-05 09:47:04.435277,France
193,Standard,2024-04-10 09:47:04.435277,Australia
194,Basic,2024-03-01 09:47:04.435277,Germany
195,Standard,2023-04-16 09:47:04.435277,Spain
196,Premium,2024-03-08 09:47:04.435277,France
197,Premium,2024-11-10 09:47:04.435277,Canada
198,Standard,2023-06-29 09:47:04.435277,Canada
199,Basic,2024-12-04 09:47:04.435277,France
200,Premium,2024-03-31 09:47:04.435277,Japan
201,Basic,2022-12-31 09:47:04.435277,France
202,Premium,2022-10-14 09:47:04.435277,Canada
203,Standard,2023-06-10 09:47:04.435277,Australia
204,Basic,2024-07-13 09:47:04.435277,USA
205,Basic,2022-07-08 09:47:04.435277,USA
206,Basic,2024-05-30 09:47:04.435277,Spain
207,Basic,2023-12-20 09:47:04.435277,Spain
208,Standard,2023-02-13 09:47:04.435277,France
209,Basic,2024-09-12 09:47:04.435277,UK
210,Premium,2023-12-21 09:47:04.435277,France
211,Basic,2024-12-31 09:47:04.435277,Japan
212,Standard,2022-11-10 09:47:04.435277,France
213,Basic,2023-03-02 09:47:04.435277,Spain
214,Standard,2022-02-10 09:47:04.435277,USA
215,Standard,2023-06-12 09:47:04.435277,Canada
216,Standard,2024-02-22 09:47:04.435277,France
217,Basic,2022-03-05 09:47:04.435277,Canada
218,Premium,2024-01-26 09:47:04.435277,Canada
219,Premium,2024-05-27 09:47:04.435277,UK
220,Standard,2022-04-29 09:47:04.435277,Canada
221,Premium,2024-03-15 09:47:04.435277,USA
222,Basic,2023-09-26 09:47:04.435277,Australia
223,Standard,2024-09-25 09:47:04.435277,Australia
224,Basic,2024-11-16 09:47:04.435277,Germany
225,Standard,2023-03-23 09:47:04.435277,Japan
226,Premium,2022-05-24 09:47:04.435277,France
227,Basic,2023-10-08 09:47:04.435277,Japan
228,Standard,2024-05-04 09:47:04.435277,USA
229,Standard,2023-03-18 09:47:04.435277,Canada
230,Standard,2024-01-28 09:47:04.435277,Australia
231,Basic,2024-11-15 09:47:04.435277,Japan
232,Standard,2024-02-29 09:47:04.435277,USA
233,Basic,2023-12-06 09:47:04.435277,Australia
234,Basic,2023-05-01 09:47:04.435277,Canada
235,Standard,2024-08-06 09:47:04.435277,Japan
236,Premium,2022-08-09 09:47:04.435277,Australia
237,Standard,2024-02-07 09:47:04.435277,France
238,Premium,2024-10-03 09:47:04.435277,Spain
239,Premium,2024-11-03 09:47:04.435277,France
240,Standard,2022-05-05 09:47:04.435277,Germany
241,Standard,2023-11-23 09:47:04.435277,Germany
242,Basic,2022-03-07 09:47:04.435277,Australia
243,Basic,2022-11-04 09:47:04.435277,Spain
244,Basic,2022-09-03 09:47:04.435277,USA
245,Standard,2024-06-14 09:47:04.435277,France
246,Standard,2024-06-20 09:47:04.435277,USA
247,Standard,2022-04-01 09:47:04.435277,Spain
248,Basic,2023-09-17 09:47:04.435277,USA
249,Premium,2024-01-28 09:47:04.435277,Spain
250,Basic,2023-03-02 09:47:04.435277,Australia
251,Standard,2023-12-29 09:47:04.435277,USA
252,Standard,2024-12-07 09:47:04.435277,France
253,Basic,2022-07-25 09:47:04.435277,Canada
254,Standard,2023-03-01 09:47:04.435277,Germany
255,Basic,2023-04-19 09:47:04.435277,Canada
256,Basic,2022-04-15 09:47:04.435277,USA
257,Standard,2022-10-21 09:47:04.435277,Canada
258,Standard,2023-04-29 09:47:04.435277,France
259,Standard,2024-01-17 09:47:04.435277,France
260,Basic,2024-02-03 09:47:04.435277,USA
261,Standard,2024-05-29 09:47:04.435277,Australia
262,Standard,2022-06-22 09:47:04.435277,Canada
263,Standard,2024-07-02 09:47:04.435277,Australia
264,Basic,2025-01-26 09:47:04.435277,Australia
265,Premium,2023-03-01 09:47:04.435277,Spain
266,Basic,2024-12-13 09:47:04.435277,UK
267,Basic,2024-09-03 09:47:04.435277,USA
268,Premium,2024-07-08 09:47:04.435277,Germany
269,Standard,2023-08-21 09:47:04.435277,France
270,Basic,2024-12-27 09:47:04.435277,France
271,Premium,2022-05-18 09:47:04.435277,USA
272,Basic,2024-12-30 09:47:04.435277,Spain
273,Standard,2024-08-21 09:47:04.435277,Japan
274,Standard,2023-03-03 09:47:04.435277,Japan
275,Basic,2023-10-25 09:47:04.435277,Japan
276,Standard,2024-02-01 09:47:04.435277,Spain
277,Standard,2022-09-21 09:47:04.435277,Germany
278,Standard,2023-11-18 09:47:04.435277,France
279,Standard,2024-02-19 09:47:04.435277,USA
280,Premium,2023-09-09 09:47:04.435277,Spain
281,Standard,2024-11-27 09:47:04.435277,France
282,Basic,2024-09-09 09:47:04.435277,Australia
283,Standard,2023-06-05 09:47:04.435277,Canada
284,Standard,2024-07-30 09:47:04.435277,Canada
285,Standard,2022-07-18 09:47:04.435277,Spain
286,Basic,2024-09-01 09:47:04.435277,France
287,Premium,2024-04-03 09:47:04.435277,UK
288,Basic,2023-10-25 09:47:04.435277,Germany
289,Standard,2022-02-27 09:47:04.435277,Japan
290,Standard,2023-01-03 09:47:04.435277,Germany
291,Premium,2023-06-13 09:47:04.435277,Germany
292,Premium,2023-06-24 09:47:04.435277,Spain
293,Standard,2022-09-03 09:47:04.435277,Australia
294,Standard,2025-01-27 09:47:04.435277,Germany
295,Basic,2023-04-19 09:47:04.435277,Canada
296,Standard,2024-06-23 09:47:04.435277,Australia
297,Standard,2022-07-15 09:47:04.435277,USA
298,Standard,2022-04-30 09:47:04.435277,Germany
299,Basic,2024-01-13 09:47:04.435277,Germany
300,Premium,2022-03-09 09:47:04.435277,USA
301,Premium,2022-07-21 09:47:04.435277,Germany
302,Premium,2023-11-13 09:47:04.435277,USA
303,Basic,2024-02-22 09:47:04.435277,Australia
304,Standard,2025-01-15 09:47:04.435277,Canada
305,Standard,2023-05-20 09:47:04.435277,USA
306,Basic,2023-04-30 09:47:04.435277,UK
307,Basic,2024-05-07 09:47:04.435277,Spain
308,Standard,2024-07-12 09:47:04.435277,Spain
309,Basic,2024-11-19 09:47:04.435277,USA
310,Standard,2023-02-20 09:47:04.435277,Spain
311,Premium,2023-01-12 09:47:04.435277,Germany
312,Standard,2022-08-07 09:47:04.435277,Japan
313,Premium,2023-06-18 09:47:04.435277,Japan
314,Standard,2024-05-02 09:47:04.435277,Spain
315,Basic,2024-08-15 09:47:04.435277,Australia
316,Premium,2024-08-20 09:47:04.435277,France
317,Premium,2022-06-12 09:47:04.435277,Australia
318,Standard,2022-03-28 09:47:04.435277,France
319,Basic,2023-12-15 09:47:04.435277,Japan
320,Standard,2023-12-02 09:47:04.435277,Japan
321,Standard,2022-07-21 09:47:04.435277,USA
322,Premium,2024-04-23 09:47:04.435277,Canada
323,Premium,2022-04-19 09:47:04.435277,UK
324,Basic,2024-07-03 09:47:04.435277,Australia
325,Basic,2022-08-20 09:47:04.435277,Germany
326,Premium,2024-03-03 09:47:04.435277,France
327,Basic,2022-03-17 09:47:04.435277,Spain
328,Standard,2023-11-16 09:47:04.435277,Germany
329,Basic,2023-05-15 09:47:04.435277,Canada
330,Standard,2024-09-26 09:47:04.435277,France
331,Standard,2024-11-30 09:47:04.435277,Australia
332,Standard,2024-02-04 09:47:04.435277,USA
333,Standard,2024-03-23 09:47:04.435277,Germany
334,Premium,2024-09-23 09:47:04.435277,Canada
335,Premium,2023-01-22 09:47:04.435277,Australia
336,Standard,2024-09-27 09:47:04.435277,Japan
337,Basic,2023-11-28 09:47:04.435277,Japan
338,Standard,2023-02-06 09:47:04.435277,Australia
339,Standard,2024-11-26 09:47:04.435277,Australia
340,Basic,2023-12-06 09:47:04.435277,Australia
341,Premium,2022-04-29 09:47:04.435277,France
342,Standard,2023-12-28 09:47:04.435277,Australia
343,Standard,2023-07-23 09:47:04.435277,Germany
344,Basic,2024-01-31 09:47:04.435277,Canada
345,Premium,2024-06-16 09:47:04.435277,France
346,Standard,2022-03-11 09:47:04.435277,Australia
347,Basic,2024-02-08 09:47:04.435277,UK
348,Basic,2023-06-15 09:47:04.435277,Spain
349,Standard,2024-09-14 09:47:04.435277,UK
350,Standard,2024-08-15 09:47:04.435277,Canada
351,Standard,2023-05-05 09:47:04.435277,Japan
352,Basic,2024-01-31 09:47:04.435277,USA
353,Standard,2024-02-20 09:47:04.435277,USA
354,Premium,2024-08-11 09:47:04.435277,Spain
355,Basic,2024-07-26 09:47:04.435277,Japan
356,Standard,2023-02-23 09:47:04.435277,France
357,Standard,2024-06-30 09:47:04.435277,France
358,Standard,2022-10-12 09:47:04.435277,France
359,Standard,2024-01-08 09:47:04.435277,USA
360,Standard,2023-04-24 09:47:04.435277,UK
361,Standard,2022-02-08 09:47:04.435277,USA
362,Premium,2024-05-02 09:47:04.435277,Germany
363,Standard,2024-04-06 09:47:04.435277,Australia
364,Basic,2024-06-24 09:47:04.435277,France
365,Premium,2024-11-23 09:47:04.435277,UK
366,Basic,2024-11-10 09:47:04.435277,Canada
367,Standard,2023-02-07 09:47:04.435277,Spain
368,Basic,2025-01-22 09:47:04.435277,Canada
369,Basic,2022-06-24 09:47:04.435277,Australia
370,Standard,2022-09-10 09:47:04.435277,UK
371,Basic,2022-07-25 09:47:04.435277,USA
372,Basic,2024-05-31 09:47:04.435277,USA
373,Standard,2022-04-02 09:47:04.435277,Germany
374,Standard,2024-05-05 09:47:04.435277,Germany
375,Standard,2024-04-03 09:47:04.435277,USA
376,Basic,2023-12-19 09:47:04.435277,Canada
377,Basic,2022-05-14 09:47:04.435277,Spain
378,Basic,2023-06-24 09:47:04.435277,France
379,Standard,2023-02-18 09:47:04.435277,Canada
380,Basic,2023-03-10 09:47:04.435277,Spain
381,Premium,2024-05-01 09:47:04.435277,Germany
382,Standard,2023-07-01 09:47:04.435277,Australia
383,Premium,2023-05-20 09:47:04.435277,Spain
384,Standard,2024-01-08 09:47:04.435277,USA
385,Standard,2024-03-10 09:47:04.435277,Germany
386,Standard,2024-12-11 09:47:04.435277,Germany
387,Standard,2024-10-22 09:47:04.435277,France
388,Standard,2023-12-07 09:47:04.435277,USA
389,Standard,2024-01-13 09:47:04.435277,France
390,Standard,2022-04-22 09:47:04.435277,USA
391,Standard,2023-05-01 09:47:04.435277,France
392,Standard,2022-01-30 09:47:04.435277,Spain
393,Premium,2022-03-21 09:47:04.435277,Canada
394,Standard,2023-12-15 09:47:04.435277,Australia
395,Standard,2024-01-16 09:47:04.435277,Australia
396,Standard,2023-04-23 09:47:04.435277,USA
397,Standard,2024-06-28 09:47:04.435277,UK
398,Standard,2023-06-01 09:47:04.435277,Japan
399,Basic,2022-03-04 09:47:04.435277,Germany
400,Standard,2022-05-04 09:47:04.435277,Germany
401,Standard,2022-07-02 09:47:04.435277,USA
402,Premium,2022-10-06 09:47:04.435277,Spain
403,Standard,2023-12-04 09:47:04.435277,France
404,Standard,2023-04-12 09:47:04.435277,UK
405,Standard,2022-05-27 09:47:04.435277,Canada
406,Standard,2024-03-10 09:47:04.435277,France
407,Standard,2022-10-24 09:47:04.435277,France
408,Standard,2025-01-11 09:47:04.435277,USA
409,Basic,2022-09-22 09:47:04.435277,USA
410,Basic,2023-02-22 09:47:04.435277,Spain
411,Basic,2024-10-15 09:47:04.435277,Germany
412,Basic,2024-03-02 09:47:04.435277,USA
413,Premium,2023-03-06 09:47:04.435277,USA
414,Premium,2023-10-15 09:47:04.435277,USA
415,Premium,2024-03-06 09:47:04.435277,Spain
416,Standard,2024-08-05 09:47:04.435277,Germany
417,Basic,2024-05-31 09:47:04.435277,Canada
418,Standard,2023-08-30 09:47:04.435277,Canada
419,Basic,2022-04-14 09:47:04.435277,Japan
420,Premium,2023-04-09 09:47:04.435277,Japan
421,Basic,2022-05-12 09:47:04.435277,USA
422,Standard,2024-03-03 09:47:04.435277,Japan
423,Premium,2024-02-06 09:47:04.435277,Germany
424,Standard,2024-04-14 09:47:04.435277,Spain
425,Standard,2022-05-07 09:47:04.435277,Canada
426,Standard,2024-04-06 09:47:04.435277,France
427,Standard,2024-06-06 09:47:04.435277,Canada
428,Basic,2023-04-09 09:47:04.435277,Canada
429,Standard,2023-04-21 09:47:04.435277,Germany
430,Standard,2022-10-05 09:47:04.435277,Japan
431,Standard,2022-07-14 09:47:04.435277,France
432,Basic,2024-10-09 09:47:04.435277,Germany
433,Standard,2024-11-14 09:47:04.435277,USA
434,Standard,2023-07-25 09:47:04.435277,Spain
435,Premium,2024-02-27 09:47:04.435277,Australia
436,Premium,2022-04-20 09:47:04.435277,Canada
437,Standard,2022-06-11 09:47:04.435277,Australia
438,Premium,2024-04-05 09:47:04.435277,Spain
439,Standard,2024-07-17 09:47:04.435277,Spain
440,Basic,2022-06-16 09:47:04.435277,Germany
441,Premium,2022-08-01 09:47:04.435277,Germany
442,Standard,2024-03-24 09:47:04.435277,Germany
443,Standard,2024-10-09 09:47:04.435277,Australia
444,Basic,2022-04-08 09:47:04.435277,Germany
445,Standard,2023-07-29 09:47:04.435277,Spain
446,Basic,2022-03-23 09:47:04.435277,USA
447,Standard,2022-08-22 09:47:04.435277,Germany
448,Premium,2022-06-04 09:47:04.435277,UK
449,Standard,2022-03-13 09:47:04.435277,Japan
450,Basic,2022-05-20 09:47:04.435277,Australia
451,Standard,2024-02-29 09:47:04.435277,UK
452,Basic,2024-05-26 09:47:04.435277,Germany
453,Basic,2022-05-04 09:47:04.435277,Spain
454,Standard,2024-07-17 09:47:04.435277,USA
455,Standard,2023-01-24 09:47:04.435277,Canada
456,Standard,2024-07-17 09:47:04.435277,France
457,Standard,2022-11-06 09:47:04.435277,Japan
458,Basic,2023-11-27 09:47:04.435277,France
459,Basic,2022-05-02 09:47:04.435277,Germany
460,Standard,2023-12-02 09:47:04.435277,Japan
461,Standard,2022-03-31 09:47:04.435277,Japan
462,Basic,2023-10-25 09:47:04.435277,USA
463,Standard,2025-01-08 09:47:04.435277,Japan
464,Basic,2024-11-23 09:47:04.435277,Australia
465,Standard,2023-09-25 09:47:04.435277,UK
466,Standard,2023-12-12 09:47:04.435277,UK
467,Premium,2023-07-17 09:47:04.435277,UK
468,Standard,2024-05-16 09:47:04.435277,Australia
469,Standard,2023-11-05 09:47:04.435277,France
470,Standard,2022-09-19 09:47:04.435277,USA
471,Premium,2023-07-07 09:47:04.435277,Japan
472,Basic,2023-01-10 09:47:04.435277,Australia
473,Basic,2025-01-03 09:47:04.435277,UK
474,Standard,2023-07-29 09:47:04.435277,Germany
475,Premium,2024-04-02 09:47:04.435277,Canada
476,Premium,2022-10-05 09:47:04.435277,Japan
477,Standard,2022-03-17 09:47:04.435277,Australia
478,Standard,2022-08-31 09:47:04.435277,Spain
479,Standard,2022-09-25 09:47:04.435277,Australia
480,Standard,2025-01-13 09:47:04.435277,USA
481,Standard,2023-01-14 09:47:04.435277,USA
482,Standard,2022-05-16 09:47:04.435277,Australia
483,Standard,2024-05-09 09:47:04.435277,UK
484,Basic,2022-03-18 09:47:04.435277,Canada
485,Premium,2023-01-01 09:47:04.435277,Japan
486,Standard,2024-12-14 09:47:04.435277,USA
487,Standard,2024-04-12 09:47:04.435277,Japan
488,Standard,2022-02-06 09:47:04.435277,UK
489,Basic,2023-10-16 09:47:04.435277,Japan
490,Standard,2024-01-18 09:47:04.435277,Germany
491,Basic,2022-11-28 09:47:04.435277,USA
492,Premium,2023-10-30 09:47:04.435277,UK
493,Premium,2022-03-26 09:47:04.435277,UK
494,Basic,2024-01-25 09:47:04.435277,Canada
495,Standard,2023-07-09 09:47:04.435277,Canada
496,Standard,2023-05-18 09:47:04.435277,Germany
497,Premium,2022-02-26 09:47:04.435277,UK
498,Premium,2022-04-17 09:47:04.435277,France
499,Basic,2023-01-29 09:47:04.435277,UK
500,Premium,2023-11-26 09:47:04.435277,Canada
501,Standard,2023-07-09 09:47:04.435277,France
502,Standard,2023-12-29 09:47:04.435277,USA
503,Standard,2024-06-30 09:47:04.435277,USA
504,Premium,2024-11-25 09:47:04.435277,Japan
505,Standard,2024-11-21 09:47:04.435277,Australia
506,Premium,2024-08-05 09:47:04.435277,Canada
507,Basic,2024-02-18 09:47:04.435277,Australia
508,Standard,2023-01-27 09:47:04.435277,France
509,Standard,2024-04-14 09:47:04.435277,Canada
510,Basic,2024-02-07 09:47:04.435277,Germany
511,Standard,2024-12-03 09:47:04.435277,UK
512,Standard,2023-05-29 09:47:04.435277,Germany
513,Standard,2022-02-26 09:47:04.435277,France
514,Standard,2024-01-13 09:47:04.435277,Canada
515,Standard,2024-12-27 09:47:04.435277,Spain
516,Basic,2022-04-25 09:47:04.435277,France
517,Standard,2022-06-04 09:47:04.435277,Spain
518,Standard,2024-04-20 09:47:04.435277,UK
519,Basic,2023-07-20 09:47:04.435277,USA
520,Standard,2022-06-23 09:47:04.435277,USA
521,Premium,2022-02-23 09:47:04.435277,France
522,Standard,2022-04-06 09:47:04.435277,Australia
523,Basic,2022-09-19 09:47:04.435277,Canada
524,Premium,2022-05-18 09:47:04.435277,Canada
525,Standard,2022-05-20 09:47:04.435277,USA
526,Standard,2022-09-14 09:47:04.435277,Japan
527,Standard,2022-05-20 09:47:04.435277,Germany
528,Premium,2022-03-04 09:47:04.435277,Japan
529,Standard,2023-10-14 09:47:04.435277,UK
530,Basic,2024-02-16 09:47:04.435277,Germany
531,Standard,2023-09-16 09:47:04.435277,Germany
532,Standard,2023-03-30 09:47:04.435277,France
533,Basic,2023-10-04 09:47:04.435277,USA
534,Basic,2023-12-22 09:47:04.435277,Japan
535,Standard,2022-12-10 09:47:04.435277,Japan
536,Standard,2024-06-24 09:47:04.435277,USA
537,Premium,2023-11-22 09:47:04.435277,Japan
538,Basic,2022-11-02 09:47:04.435277,Spain
539,Basic,2023-10-15 09:47:04.435277,USA
540,Standard,2023-06-29 09:47:04.435277,France
541,Basic,2024-05-21 09:47:04.435277,Australia
542,Standard,2023-01-14 09:47:04.435277,Germany
543,Standard,2024-05-01 09:47:04.435277,France
544,Premium,2024-02-27 09:47:04.435277,Canada
545,Basic,2024-07-16 09:47:04.435277,UK
546,Premium,2022-09-29 09:47:04.435277,Australia
547,Basic,2023-07-26 09:47:04.435277,Canada
548,Basic,2024-12-28 09:47:04.435277,Germany
549,Basic,2022-09-15 09:47:04.435277,Japan
550,Premium,2023-07-31 09:47:04.435277,USA
551,Standard,2024-08-06 09:47:04.435277,Germany
552,Standard,2022-02-04 09:47:04.435277,France
553,Standard,2023-05-12 09:47:04.435277,UK
554,Premium,2022-04-14 09:47:04.435277,France
555,Basic,2022-02-02 09:47:04.435277,Australia
556,Standard,2023-11-06 09:47:04.435277,Australia
557,Standard,2022-05-27 09:47:04.435277,UK
558,Standard,2024-06-28 09:47:04.435277,Spain
559,Standard,2023-06-17 09:47:04.435277,Canada
560,Standard,2024-09-02 09:47:04.435277,Canada
561,Standard,2023-08-26 09:47:04.435277,Australia
562,Basic,2022-08-11 09:47:04.435277,Australia
563,Standard,2024-05-25 09:47:04.435277,Japan
564,Basic,2024-01-14 09:47:04.435277,USA
565,Basic,2024-12-14 09:47:04.435277,Japan
566,Standard,2022-07-21 09:47:04.435277,Japan
567,Basic,2022-12-21 09:47:04.435277,Spain
568,Premium,2024-05-14 09:47:04.435277,Canada
569,Basic,2024-01-23 09:47:04.435277,Spain
570,Standard,2022-09-11 09:47:04.435277,Spain
571,Basic,2023-07-15 09:47:04.435277,UK
572,Basic,2022-05-22 09:47:04.435277,Canada
573,Basic,2022-06-18 09:47:04.435277,USA
574,Basic,2023-08-11 09:47:04.435277,France
575,Standard,2022-01-30 09:47:04.435277,Australia
576,Premium,2022-04-29 09:47:04.435277,Australia
577,Standard,2023-11-14 09:47:04.435277,USA
578,Premium,2022-12-15 09:47:04.435277,Spain
579,Standard,2022-06-17 09:47:04.435277,Japan
580,Standard,2024-05-23 09:47:04.435277,UK
581,Basic,2022-10-15 09:47:04.435277,Spain
582,Standard,2024-07-19 09:47:04.435277,Australia
583,Basic,2023-12-20 09:47:04.435277,Germany
584,Premium,2022-02-08 09:47:04.435277,Japan
585,Basic,2022-10-17 09:47:04.435277,Australia
586,Basic,2022-07-20 09:47:04.435277,Germany
587,Standard,2024-07-15 09:47:04.435277,Spain
588,Standard,2022-02-11 09:47:04.435277,USA
589,Basic,2022-12-16 09:47:04.435277,USA
590,Premium,2022-12-24 09:47:04.435277,Japan
591,Standard,2024-03-24 09:47:04.435277,Australia
592,Standard,2024-03-16 09:47:04.435277,Canada
593,Premium,2024-07-28 09:47:04.435277,Germany
594,Standard,2022-12-13 09:47:04.435277,UK
595,Premium,2022-09-22 09:47:04.435277,Australia
596,Premium,2022-12-29 09:47:04.435277,UK
597,Premium,2023-02-09 09:47:04.435277,Australia
598,Basic,2023-09-09 09:47:04.435277,Canada
599,Standard,2023-06-26 09:47:04.435277,Canada
600,Basic,2024-08-04 09:47:04.435277,Japan
601,Standard,2024-06-20 09:47:04.435277,Japan
602,Standard,2022-10-26 09:47:04.435277,Canada
603,Standard,2024-04-06 09:47:04.435277,France
604,Standard,2024-01-24 09:47:04.435277,Canada
605,Premium,2022-02-03 09:47:04.435277,USA
606,Standard,2024-05-29 09:47:04.435277,USA
607,Standard,2022-04-17 09:47:04.435277,France
608,Standard,2023-08-26 09:47:04.435277,Spain
609,Standard,2022-06-10 09:47:04.435277,Germany
610,Premium,2023-09-22 09:47:04.435277,Spain
611,Premium,2024-12-30 09:47:04.435277,UK
612,Basic,2022-04-28 09:47:04.435277,Spain
613,Standard,2023-03-07 09:47:04.435277,Australia
614,Premium,2022-11-21 09:47:04.435277,Spain
615,Basic,2023-10-07 09:47:04.435277,Australia
616,Premium,2024-04-08 09:47:04.435277,France
617,Standard,2023-03-27 09:47:04.435277,USA
618,Basic,2024-12-11 09:47:04.435277,Japan
619,Standard,2023-08-27 09:47:04.435277,Australia
620,Premium,2022-06-21 09:47:04.435277,USA
621,Premium,2024-10-18 09:47:04.435277,Germany
622,Standard,2023-11-25 09:47:04.435277,UK
623,Premium,2022-06-23 09:47:04.435277,Germany
624,Standard,2024-11-01 09:47:04.435277,France
625,Premium,2023-06-16 09:47:04.435277,Spain
626,Standard,2024-04-29 09:47:04.435277,Spain
627,Basic,2022-05-13 09:47:04.435277,Canada
628,Basic,2024-12-27 09:47:04.435277,Canada
629,Standard,2022-08-15 09:47:04.435277,Canada
630,Standard,2023-08-31 09:47:04.435277,Germany
631,Standard,2023-02-24 09:47:04.435277,Australia
632,Standard,2023-08-06 09:47:04.435277,UK
633,Standard,2024-12-03 09:47:04.435277,Canada
634,Premium,2023-05-22 09:47:04.435277,France
635,Basic,2024-08-09 09:47:04.435277,France
636,Standard,2023-03-25 09:47:04.435277,Canada
637,Premium,2022-07-05 09:47:04.435277,Spain
638,Standard,2023-08-02 09:47:04.435277,Canada
639,Standard,2024-11-15 09:47:04.435277,UK
640,Basic,2024-10-22 09:47:04.435277,Canada
641,Basic,2024-09-06 09:47:04.435277,UK
642,Basic,2022-11-14 09:47:04.435277,France
643,Premium,2022-08-13 09:47:04.435277,Canada
644,Standard,2023-09-19 09:47:04.435277,Germany
645,Standard,2023-06-30 09:47:04.435277,Japan
646,Premium,2024-06-12 09:47:04.435277,Germany
647,Standard,2024-04-14 09:47:04.435277,France
648,Basic,2024-04-23 09:47:04.435277,UK
649,Premium,2022-09-14 09:47:04.435277,Germany
650,Standard,2022-09-02 09:47:04.435277,UK
651,Standard,2024-09-03 09:47:04.435277,Germany
652,Premium,2022-02-13 09:47:04.435277,Germany
653,Standard,2022-03-17 09:47:04.435277,UK
654,Basic,2022-12-19 09:47:04.435277,Australia
655,Basic,2024-05-22 09:47:04.435277,Germany
656,Basic,2022-06-08 09:47:04.435277,Canada
657,Standard,2022-05-04 09:47:04.435277,Japan
658,Premium,2023-10-18 09:47:04.435277,France
659,Standard,2024-02-23 09:47:04.435277,Australia
660,Standard,2024-04-02 09:47:04.435277,UK
661,Basic,2022-04-08 09:47:04.435277,Australia
662,Premium,2022-02-09 09:47:04.435277,USA
663,Standard,2024-06-19 09:47:04.435277,USA
664,Premium,2023-08-02 09:47:04.435277,Germany
665,Standard,2024-01-11 09:47:04.435277,Germany
666,Basic,2022-02-21 09:47:04.435277,Canada
667,Standard,2024-04-23 09:47:04.435277,Japan
668,Standard,2023-01-10 09:47:04.435277,France
669,Standard,2022-11-27 09:47:04.435277,Australia
670,Standard,2023-01-27 09:47:04.435277,USA
671,Basic,2023-03-01 09:47:04.435277,Germany
672,Basic,2022-09-04 09:47:04.435277,Spain
673,Basic,2022-06-19 09:47:04.435277,Spain
674,Basic,2024-09-13 09:47:04.435277,France
675,Standard,2024-10-10 09:47:04.435277,Australia
676,Standard,2024-10-18 09:47:04.435277,Germany
677,Standard,2024-05-06 09:47:04.435277,Germany
678,Standard,2023-12-13 09:47:04.435277,USA
679,Basic,2024-10-29 09:47:04.435277,USA
680,Premium,2023-01-20 09:47:04.435277,Germany
681,Basic,2024-11-02 09:47:04.435277,UK
682,Standard,2024-07-05 09:47:04.435277,Germany
683,Standard,2022-06-05 09:47:04.435277,France
684,Standard,2024-11-03 09:47:04.435277,Germany
685,Basic,2023-09-25 09:47:04.435277,Canada
686,Standard,2024-11-08 09:47:04.435277,Japan
687,Standard,2022-03-21 09:47:04.435277,Canada
688,Premium,2024-12-17 09:47:04.435277,Canada
689,Standard,2024-03-18 09:47:04.435277,UK
690,Premium,2024-04-22 09:47:04.435277,UK
691,Basic,2023-03-25 09:47:04.435277,Spain
692,Standard,2024-10-08 09:47:04.435277,Germany
693,Standard,2024-05-03 09:47:04.435277,Canada
694,Premium,2024-11-19 09:47:04.435277,UK
695,Premium,2023-08-19 09:47:04.435277,USA
696,Basic,2023-02-04 09:47:04.435277,Germany
697,Premium,2024-08-22 09:47:04.435277,France
698,Premium,2023-11-21 09:47:04.435277,Japan
699,Premium,2024-09-24 09:47:04.435277,Australia
700,Basic,2022-08-19 09:47:04.435277,Germany
701,Basic,2022-12-08 09:47:04.435277,Australia
702,Standard,2022-05-26 09:47:04.435277,Canada
703,Standard,2024-08-23 09:47:04.435277,Japan
704,Standard,2023-08-27 09:47:04.435277,Australia
705,Basic,2022-09-30 09:47:04.435277,Canada
706,Standard,2023-07-20 09:47:04.435277,USA
707,Premium,2022-04-14 09:47:04.435277,Australia
708,Premium,2023-02-19 09:47:04.435277,Japan
709,Premium,2023-05-19 09:47:04.435277,Spain
710,Standard,2023-03-23 09:47:04.435277,Germany
711,Basic,2023-01-11 09:47:04.435277,Canada
712,Standard,2023-10-31 09:47:04.435277,Germany
713,Premium,2024-08-25 09:47:04.435277,Japan
714,Premium,2024-09-10 09:47:04.435277,UK
715,Basic,2024-06-23 09:47:04.435277,Canada
716,Standard,2024-03-02 09:47:04.435277,Australia
717,Basic,2023-11-24 09:47:04.435277,Canada
718,Standard,2022-02-23 09:47:04.435277,Germany
719,Standard,2024-01-09 09:47:04.435277,USA
720,Standard,2022-07-25 09:47:04.435277,Canada
721,Premium,2022-11-10 09:47:04.435277,Australia
722,Standard,2022-04-02 09:47:04.435277,UK
723,Basic,2024-10-28 09:47:04.435277,Spain
724,Standard,2023-11-22 09:47:04.435277,France
725,Standard,2023-11-26 09:47:04.435277,USA
726,Premium,2022-07-04 09:47:04.435277,Spain
727,Basic,2025-01-06 09:47:04.435277,UK
728,Basic,2024-09-22 09:47:04.435277,Canada
729,Standard,2024-05-27 09:47:04.435277,Germany
730,Basic,2023-12-19 09:47:04.435277,Japan
731,Standard,2022-06-26 09:47:04.435277,Germany
732,Standard,2023-01-06 09:47:04.435277,Spain
733,Basic,2023-05-20 09:47:04.435277,Australia
734,Basic,2025-01-20 09:47:04.435277,Germany
735,Standard,2023-08-13 09:47:04.435277,USA
736,Premium,2022-12-22 09:47:04.435277,Germany
737,Standard,2024-10-15 09:47:04.435277,Australia
738,Basic,2022-09-01 09:47:04.435277,France
739,Standard,2023-04-09 09:47:04.435277,Canada
740,Standard,2024-09-07 09:47:04.435277,Japan
741,Standard,2024-01-22 09:47:04.435277,Spain
742,Standard,2022-03-02 09:47:04.435277,Canada
743,Standard,2023-11-30 09:47:04.435277,Germany
744,Basic,2022-11-10 09:47:04.435277,UK
745,Standard,2023-04-03 09:47:04.435277,Canada
746,Premium,2022-11-11 09:47:04.435277,France
747,Premium,2024-12-07 09:47:04.435277,Germany
748,Basic,2022-02-16 09:47:04.435277,Japan
749,Standard,2024-03-08 09:47:04.435277,Australia
750,Standard,2023-09-11 09:47:04.435277,France
751,Basic,2024-11-04 09:47:04.435277,Germany
752,Basic,2022-08-11 09:47:04.435277,France
753,Basic,2023-06-15 09:47:04.435277,Canada
754,Basic,2024-10-13 09:47:04.435277,Japan
755,Standard,2022-05-23 09:47:04.435277,Australia
756,Basic,2024-09-02 09:47:04.435277,Germany
757,Standard,2024-05-09 09:47:04.435277,USA
758,Basic,2024-08-11 09:47:04.435277,Spain
759,Basic,2022-03-25 09:47:04.435277,Australia
760,Basic,2024-04-08 09:47:04.435277,USA
761,Standard,2024-03-17 09:47:04.435277,France
762,Premium,2022-07-10 09:47:04.435277,UK
763,Standard,2022-04-26 09:47:04.435277,Australia
764,Basic,2022-03-25 09:47:04.435277,France
765,Basic,2024-11-26 09:47:04.435277,USA
766,Premium,2024-05-11 09:47:04.435277,Canada
767,Premium,2022-12-08 09:47:04.435277,Canada
768,Premium,2024-02-27 09:47:04.435277,UK
769,Basic,2023-04-17 09:47:04.435277,Spain
770,Basic,2022-12-23 09:47:04.435277,Australia
771,Standard,2025-01-11 09:47:04.435277,Australia
772,Standard,2024-02-29 09:47:04.435277,Australia
773,Basic,2023-08-31 09:47:04.435277,Spain
774,Basic,2025-01-08 09:47:04.435277,France
775,Standard,2024-11-01 09:47:04.435277,Japan
776,Standard,2022-05-05 09:47:04.435277,Japan
777,Standard,2024-04-22 09:47:04.435277,UK
778,Standard,2023-06-04 09:47:04.435277,Australia
779,Standard,2023-04-26 09:47:04.435277,France
780,Standard,2022-07-13 09:47:04.435277,Canada
781,Basic,2022-07-30 09:47:04.435277,USA
782,Standard,2023-05-13 09:47:04.435277,France
783,Basic,2024-07-27 09:47:04.435277,Spain
784,Premium,2024-02-03 09:47:04.435277,Japan
785,Standard,2024-05-01 09:47:04.435277,Japan
786,Premium,2024-08-30 09:47:04.435277,Canada
787,Standard,2022-02-05 09:47:04.435277,Canada
788,Basic,2022-12-25 09:47:04.435277,Spain
789,Basic,2024-03-14 09:47:04.435277,USA
790,Premium,2022-06-29 09:47:04.435277,Canada
791,Standard,2022-06-25 09:47:04.435277,UK
792,Basic,2024-08-01 09:47:04.435277,USA
793,Standard,2023-12-30 09:47:04.435277,Canada
794,Standard,2022-04-21 09:47:04.435277,Germany
795,Basic,2023-06-27 09:47:04.435277,France
796,Standard,2024-04-23 09:47:04.435277,Canada
797,Premium,2024-01-08 09:47:04.435277,UK
798,Standard,2024-02-14 09:47:04.435277,Australia
799,Basic,2024-11-17 09:47:04.435277,Canada
800,Standard,2024-01-06 09:47:04.435277,Japan
801,Premium,2023-05-15 09:47:04.435277,Japan
802,Basic,2023-03-01 09:47:04.435277,Japan
803,Premium,2022-10-17 09:47:04.435277,Australia
804,Basic,2024-04-13 09:47:04.435277,Japan
805,Standard,2024-08-20 09:47:04.435277,Germany
806,Basic,2024-07-22 09:47:04.435277,Canada
807,Standard,2025-01-10 09:47:04.435277,Spain
808,Standard,2024-08-26 09:47:04.435277,Japan
809,Premium,2024-06-01 09:47:04.435277,USA
810,Standard,2023-09-14 09:47:04.435277,Spain
811,Basic,2024-01-13 09:47:04.435277,Australia
812,Basic,2023-10-23 09:47:04.435277,Germany
813,Standard,2022-03-29 09:47:04.435277,USA
814,Standard,2022-06-06 09:47:04.435277,USA
815,Basic,2024-02-04 09:47:04.435277,USA
816,Basic,2024-01-20 09:47:04.435277,USA
817,Standard,2023-07-09 09:47:04.435277,Spain
818,Standard,2023-07-04 09:47:04.435277,Spain
819,Standard,2023-08-04 09:47:04.435277,Canada
820,Standard,2022-09-23 09:47:04.435277,Japan
821,Premium,2023-06-07 09:47:04.435277,France
822,Standard,2022-02-02 09:47:04.435277,Canada
823,Standard,2023-11-26 09:47:04.435277,Canada
824,Basic,2023-04-16 09:47:04.435277,Germany
825,Premium,2022-02-27 09:47:04.435277,Germany
826,Standard,2023-10-01 09:47:04.435277,Japan
827,Standard,2024-04-13 09:47:04.435277,France
828,Standard,2022-04-14 09:47:04.435277,Germany
829,Premium,2024-05-16 09:47:04.435277,Japan
830,Standard,2022-06-06 09:47:04.435277,Japan
831,Standard,2022-03-12 09:47:04.435277,Spain
832,Standard,2022-03-11 09:47:04.435277,UK
833,Standard,2024-08-20 09:47:04.435277,Spain
834,Standard,2022-03-04 09:47:04.435277,France
835,Basic,2024-12-05 09:47:04.435277,Germany
836,Standard,2024-10-23 09:47:04.435277,France
837,Basic,2023-09-09 09:47:04.435277,Canada
838,Standard,2023-01-06 09:47:04.435277,Canada
839,Premium,2022-02-25 09:47:04.435277,France
840,Premium,2023-11-06 09:47:04.435277,UK
841,Standard,2024-01-30 09:47:04.435277,UK
842,Basic,2022-07-16 09:47:04.435277,Spain
843,Basic,2023-10-01 09:47:04.435277,France
844,Basic,2022-10-24 09:47:04.435277,Germany
845,Standard,2024-04-29 09:47:04.435277,Spain
846,Standard,2023-04-29 09:47:04.435277,Australia
847,Premium,2024-07-23 09:47:04.435277,UK
848,Standard,2024-08-08 09:47:04.435277,USA
849,Standard,2024-10-06 09:47:04.435277,Spain
850,Premium,2024-01-01 09:47:04.435277,Canada
851,Standard,2023-10-25 09:47:04.435277,Spain
852,Standard,2022-06-08 09:47:04.435277,France
853,Basic,2024-11-14 09:47:04.435277,USA
854,Basic,2024-04-27 09:47:04.435277,France
855,Basic,2023-12-23 09:47:04.435277,Japan
856,Standard,2024-04-02 09:47:04.435277,Canada
857,Standard,2022-02-27 09:47:04.435277,Canada
858,Standard,2022-06-27 09:47:04.435277,UK
859,Basic,2022-02-09 09:47:04.435277,Spain
860,Premium,2023-12-06 09:47:04.435277,UK
861,Standard,2022-08-04 09:47:04.435277,USA
862,Basic,2024-04-15 09:47:04.435277,Spain
863,Standard,2024-02-12 09:47:04.435277,Japan
864,Standard,2022-05-07 09:47:04.435277,France
865,Standard,2022-03-25 09:47:04.435277,Japan
866,Premium,2023-10-14 09:47:04.435277,Canada
867,Standard,2023-11-24 09:47:04.435277,USA
868,Standard,2024-02-26 09:47:04.435277,Australia
869,Premium,2023-03-11 09:47:04.435277,USA
870,Premium,2022-04-08 09:47:04.435277,Germany
871,Basic,2024-02-19 09:47:04.435277,USA
872,Standard,2024-09-13 09:47:04.435277,Japan
873,Standard,2023-01-29 09:47:04.435277,Germany
874,Standard,2023-05-26 09:47:04.435277,Germany
875,Basic,2022-08-18 09:47:04.435277,Spain
876,Standard,2022-07-02 09:47:04.435277,Spain
877,Standard,2022-04-12 09:47:04.435277,Germany
878,Basic,2024-01-12 09:47:04.435277,Australia
879,Basic,2022-11-21 09:47:04.435277,Spain
880,Premium,2024-12-05 09:47:04.435277,USA
881,Basic,2022-03-31 09:47:04.435277,Japan
882,Standard,2024-08-25 09:47:04.435277,USA
883,Standard,2022-03-12 09:47:04.435277,Australia
884,Premium,2022-02-23 09:47:04.435277,Canada
885,Premium,2024-12-27 09:47:04.435277,UK
886,Basic,2022-06-09 09:47:04.435277,Japan
887,Standard,2022-05-17 09:47:04.435277,Spain
888,Standard,2022-07-20 09:47:04.435277,Japan
889,Basic,2022-05-11 09:47:04.435277,USA
890,Basic,2024-06-13 09:47:04.435277,UK
891,Premium,2023-07-07 09:47:04.435277,France
892,Standard,2022-10-31 09:47:04.435277,France
893,Premium,2025-01-01 09:47:04.435277,Spain
894,Basic,2024-04-25 09:47:04.435277,Australia
895,Standard,2024-09-12 09:47:04.435277,France
896,Basic,2024-12-05 09:47:04.435277,Japan
897,Premium,2022-12-25 09:47:04.435277,France
898,Premium,2022-02-10 09:47:04.435277,Canada
899,Standard,2022-09-02 09:47:04.435277,Canada
900,Standard,2023-01-03 09:47:04.435277,Spain
901,Standard,2023-11-21 09:47:04.435277,Canada
902,Basic,2023-02-07 09:47:04.435277,France
903,Standard,2024-10-01 09:47:04.435277,Australia
904,Standard,2024-01-09 09:47:04.435277,Germany
905,Basic,2023-05-10 09:47:04.435277,Germany
906,Standard,2023-06-02 09:47:04.435277,Spain
907,Basic,2022-03-17 09:47:04.435277,UK
908,Premium,2024-03-17 09:47:04.435277,Germany
909,Standard,2024-12-04 09:47:04.435277,Germany
910,Premium,2024-01-10 09:47:04.435277,Canada
911,Premium,2023-03-06 09:47:04.435277,Canada
912,Basic,2024-10-06 09:47:04.435277,France
913,Premium,2022-10-06 09:47:04.435277,Spain
914,Standard,2023-02-24 09:47:04.435277,UK
915,Standard,2022-12-30 09:47:04.435277,Spain
916,Standard,2023-10-20 09:47:04.435277,USA
917,Basic,2022-06-15 09:47:04.435277,Japan
918,Premium,2024-06-30 09:47:04.435277,UK
919,Standard,2023-12-18 09:47:04.435277,UK
920,Basic,2024-05-05 09:47:04.435277,Australia
921,Standard,2024-01-26 09:47:04.435277,Spain
922,Basic,2023-09-15 09:47:04.435277,France
923,Premium,2024-10-15 09:47:04.435277,Australia
924,Standard,2023-02-05 09:47:04.435277,UK
925,Standard,2024-08-21 09:47:04.435277,UK
926,Basic,2024-10-20 09:47:04.435277,UK
927,Basic,2023-03-07 09:47:04.435277,Germany
928,Standard,2023-10-06 09:47:04.435277,Spain
929,Standard,2024-10-20 09:47:04.435277,Japan
930,Premium,2023-10-11 09:47:04.435277,Japan
931,Standard,2022-08-05 09:47:04.435277,Australia
932,Standard,2022-06-09 09:47:04.435277,UK
933,Basic,2024-04-13 09:47:04.435277,Japan
934,Standard,2024-08-22 09:47:04.435277,Canada
935,Standard,2024-10-11 09:47:04.435277,Spain
936,Premium,2022-07-31 09:47:04.435277,Japan
937,Premium,2024-10-08 09:47:04.435277,France
938,Standard,2023-01-28 09:47:04.435277,Spain
939,Standard,2022-03-09 09:47:04.435277,France
940,Basic,2023-06-10 09:47:04.435277,Japan
941,Standard,2024-10-07 09:47:04.435277,Canada
942,Standard,2024-08-07 09:47:04.435277,France
943,Premium,2024-01-21 09:47:04.435277,Germany
944,Basic,2022-02-14 09:47:04.435277,Japan
945,Basic,2023-06-06 09:47:04.435277,Germany
946,Premium,2024-07-11 09:47:04.435277,Japan
947,Basic,2022-12-06 09:47:04.435277,USA
948,Standard,2024-02-07 09:47:04.435277,USA
949,Premium,2023-07-29 09:47:04.435277,USA
950,Standard,2023-03-19 09:47:04.435277,France
951,Standard,2022-10-07 09:47:04.435277,Germany
952,Premium,2024-02-27 09:47:04.435277,Germany
953,Basic,2024-12-27 09:47:04.435277,Germany
954,Basic,2024-04-22 09:47:04.435277,Canada
955,Standard,2022-02-27 09:47:04.435277,Germany
956,Standard,2024-09-13 09:47:04.435277,Canada
957,Standard,2023-05-21 09:47:04.435277,USA
958,Standard,2022-12-13 09:47:04.435277,USA
959,Standard,2022-10-01 09:47:04.435277,France
960,Premium,2024-02-16 09:47:04.435277,Japan
961,Standard,2023-12-27 09:47:04.435277,USA
962,Basic,2022-10-28 09:47:04.435277,Japan
963,Standard,2023-02-10 09:47:04.435277,Japan
964,Premium,2022-10-22 09:47:04.435277,Spain
965,Basic,2024-08-12 09:47:04.435277,France
966,Standard,2024-08-07 09:47:04.435277,UK
967,Standard,2023-01-04 09:47:04.435277,UK
968,Premium,2023-02-22 09:47:04.435277,Australia
969,Standard,2023-08-29 09:47:04.435277,Spain
970,Basic,2022-02-01 09:47:04.435277,France
971,Standard,2023-02-09 09:47:04.435277,Australia
972,Standard,2022-12-19 09:47:04.435277,Australia
973,Basic,2022-06-24 09:47:04.435277,Spain
974,Basic,2022-11-18 09:47:04.435277,UK
975,Basic,2023-04-06 09:47:04.435277,France
976,Standard,2024-01-04 09:47:04.435277,UK
977,Standard,2024-09-04 09:47:04.435277,Australia
978,Basic,2023-09-06 09:47:04.435277,France
979,Basic,2023-03-04 09:47:04.435277,Australia
980,Premium,2024-04-25 09:47:04.435277,Germany
981,Premium,2024-09-19 09:47:04.435277,Spain
982,Standard,2022-08-04 09:47:04.435277,Japan
983,Basic,2022-03-31 09:47:04.435277,France
984,Standard,2024-08-25 09:47:04.435277,France
985,Standard,2024-01-09 09:47:04.435277,Japan
986,Premium,2024-04-15 09:47:04.435277,Australia
987,Standard,2022-02-09 09:47:04.435277,Germany
988,Basic,2025-01-19 09:47:04.435277,Canada
989,Standard,2022-09-12 09:47:04.435277,Japan
990,Basic,2023-08-16 09:47:04.435277,Spain
991,Basic,2024-03-11 09:47:04.435277,UK
992,Standard,2024-07-02 09:47:04.435277,Australia
993,Standard,2022-09-12 09:47:04.435277,Japan
994,Standard,2024-05-03 09:47:04.435277,Japan
995,Basic,2022-09-04 09:47:04.435277,France
996,Standard,2024-08-23 09:47:04.435277,UK
997,Standard,2024-02-21 09:47:04.435277,UK
998,Basic,2023-06-19 09:47:04.435277,Spain
999,Standard,2022-10-15 09:47:04.435277,UK
1000,Basic,2022-03-24 09:47:04.435277,Japan
